{"stats":{"minecraft:mined":{"minecraft:oak_log":6},"minecraft:picked_up":{"minecraft:oak_log":6},"minecraft:custom":{"minecraft:jump":82,"minecraft:time_since_rest":3044,"minecraft:leave_game":1,"minecraft:crouch_one_cm":576,"minecraft:sprint_one_cm":9840,"minecraft:play_time":3044,"minecraft:walk_on_water_one_cm":1008,"minecraft:time_since_death":3044,"minecraft:walk_one_cm":1439,"minecraft:sneak_time":383,"minecraft:total_world_time":3044,"minecraft:walk_under_water_one_cm":314,"minecraft:swim_one_cm":12969,"minecraft:fall_one_cm":2684,"minecraft:fly_one_cm":16170}},"DataVersion":3953}