{"stats":{"minecraft:mined":{"minecraft:short_grass":1,"minecraft:coal_ore":11,"minecraft:grass_block":3,"minecraft:oak_log":11,"minecraft:dirt":8,"minecraft:stone":37},"minecraft:used":{"minecraft:stone_sword":5,"minecraft:crafting_table":1,"minecraft:stone_pickaxe":39,"minecraft:wooden_pickaxe":9},"minecraft:custom":{"minecraft:time_since_rest":8959,"minecraft:crouch_one_cm":3373,"minecraft:sprint_one_cm":18462,"minecraft:play_time":8959,"minecraft:damage_taken":20,"minecraft:walk_one_cm":4869,"minecraft:sneak_time":1850,"minecraft:walk_under_water_one_cm":314,"minecraft:mob_kills":2,"minecraft:jump":178,"minecraft:damage_dealt":200,"minecraft:walk_on_water_one_cm":1008,"minecraft:leave_game":3,"minecraft:time_since_death":8959,"minecraft:total_world_time":8959,"minecraft:swim_one_cm":12969,"minecraft:interact_with_crafting_table":3,"minecraft:fall_one_cm":4876,"minecraft:fly_one_cm":30612},"minecraft:crafted":{"minecraft:stone_sword":1,"minecraft:oak_planks":44,"minecraft:crafting_table":1,"minecraft:stick":8,"minecraft:stone_pickaxe":1,"minecraft:wooden_pickaxe":1},"minecraft:picked_up":{"minecraft:porkchop":6,"minecraft:oak_log":11,"minecraft:coal":10,"minecraft:dirt":11,"minecraft:cobblestone":37},"minecraft:killed":{"minecraft:pig":2}},"DataVersion":3953}