{"stats":{"minecraft:mined":{"minecraft:furnace":1,"minecraft:crafting_table":2,"minecraft:short_grass":1,"minecraft:oak_log":28,"minecraft:grass_block":3,"minecraft:coal_ore":24,"minecraft:dirt":9,"minecraft:cobblestone":1,"minecraft:stone":48,"minecraft:oak_leaves":1},"minecraft:used":{"minecraft:stone_sword":30,"minecraft:stone_pickaxe":65,"minecraft:wooden_pickaxe":9,"minecraft:stone_axe":20,"minecraft:torch":1,"minecraft:dirt":1,"minecraft:cobblestone":2,"minecraft:crafting_table":2,"minecraft:furnace":1,"minecraft:cooked_porkchop":3},"minecraft:custom":{"minecraft:time_since_rest":17164,"minecraft:interact_with_furnace":6,"minecraft:sprint_one_cm":41469,"minecraft:damage_taken":210,"minecraft:walk_one_cm":14740,"minecraft:mob_kills":10,"minecraft:damage_dealt":1510,"minecraft:swim_one_cm":12969,"minecraft:interact_with_crafting_table":5,"minecraft:fly_one_cm":57955,"minecraft:crouch_one_cm":4510,"minecraft:play_time":17164,"minecraft:sneak_time":2416,"minecraft:walk_under_water_one_cm":314,"minecraft:jump":360,"minecraft:leave_game":4,"minecraft:time_since_death":17164,"minecraft:walk_on_water_one_cm":1008,"minecraft:total_world_time":17164,"minecraft:fall_one_cm":8336},"minecraft:crafted":{"minecraft:oak_planks":44,"minecraft:cooked_porkchop":9,"minecraft:crafting_table":2,"minecraft:stick":12,"minecraft:wooden_pickaxe":1,"minecraft:stone_pickaxe":1,"minecraft:stone_sword":1,"minecraft:furnace":1,"minecraft:torch":8,"minecraft:stone_axe":1,"minecraft:air":0},"minecraft:picked_up":{"minecraft:crafting_table":2,"minecraft:cooked_beef":3,"minecraft:leather":1,"minecraft:porkchop":9,"minecraft:oak_log":28,"minecraft:dirt":12,"minecraft:string":1,"minecraft:rotten_flesh":4,"minecraft:beef":3,"minecraft:coal":42,"minecraft:cobblestone":49,"minecraft:furnace":1},"minecraft:killed":{"minecraft:zombie":4,"minecraft:pig":3,"minecraft:spider":2,"minecraft:cow":1}},"DataVersion":3953}